domain,bl,domainpop,abirth,aentries,dmoz,statuscom,statusnet,statusorg,statusde,statustld_registered,related_cnobi,enddate
77scp.com,0,514.6 K,2018,217,-,registered,available,available,available,0,0,2023-12-08
guofengpcb.com,0,8.7 K,2018,6,-,registered,available,available,available,0,0,2023-12-08
sanhaiyuanlin.com,8,8.7 K,2012,16,-,registered,available,available,available,1,0,2023-12-08
iy818.cn,0,2.8 K,2019,5,-,available,available,available,available,0,6,2023-12-08
takipcimarket.com,2,2.5 K,2012,63,-,registered,available,available,available,2,8,2023-12-08
itfkk.com,5,2.4 K,2021,6,-,registered,available,available,available,0,0,2023-12-08
bestbuycial.us,2,2.4 K,2021,41,-,registered,available,available,available,1,2,2023-12-08
bestbuyviag.us,2,2.4 K,2021,42,-,registered,available,available,available,1,3,2023-12-08
danwellingslandsurveying.com,0,1.4 K,2013,20,-,registered,available,available,available,0,0,2023-12-08
grupo-rodriguez.com,0,1.4 K,2011,21,-,registered,registered,available,available,3,2,2023-12-08
BeauChampsOfLondon.com,4,1.4 K,2011,29,-,registered,available,available,available,0,0,2023-12-08
ClarkMontgomeryPhoto.com,1,1.4 K,2011,19,-,registered,available,available,available,0,0,2023-12-08
biologisel.com,3,1.4 K,2013,54,-,registered,available,available,available,0,1,2023-12-08
devangsingh.com,0,1.4 K,2012,35,-,registered,available,available,available,2,0,2023-12-08
mahabharatcomputech.com,0,1.4 K,2012,25,-,registered,available,available,available,0,0,2023-12-08
CombesDesign.com,1,1.4 K,2010,37,-,registered,registered,available,available,1,2,2023-12-08
BuildMyBooth.com,0,1.4 K,2011,18,-,registered,available,available,available,0,0,2023-12-08
LogicAlwar.com,5,1.4 K,2008,16,-,registered,available,available,available,0,15,2023-12-08
chigwellcars.com,0,1.4 K,2002,80,-,registered,available,available,available,0,1,2023-12-08
centraprodukte.com,1,1.4 K,2010,21,-,registered,available,available,available,0,0,2023-12-08
BrowardcountyMovingAndStorage.com,0,1.4 K,2004,59,-,registered,available,available,available,0,0,2023-12-08
galtekaractakip.com,0,1.4 K,2013,20,-,registered,available,available,available,0,0,2023-12-08
EasyArtFloor.com,0,1.3 K,2009,19,-,registered,available,available,available,1,0,2023-12-08
pratiquecologia.org,1,1.3 K,2008,67,-,available,available,registered,available,1,0,2023-12-08
drdrinx.com,0,1.3 K,2009,31,-,registered,registered,available,available,0,2,2023-12-08
digicastertv.com,7,1.3 K,2012,36,-,registered,available,available,available,1,0,2023-12-08
kaigai-motimono.com,0,1.2 K,2013,33,-,registered,available,available,available,0,0,2023-12-08
PembrokeShireFirStaidTraining...co.uk,2,1.1 K,2009,37,-,available,available,available,available,1,0,2023-12-08
wxhdwx.com,0,1.1 K,2012,12,-,registered,available,available,available,1,0,2023-12-08
neuqn.com,1,1.1 K,2018,13,-,registered,available,available,available,0,2,2023-12-08
bbclomid.com,6,1.1 K,2021,26,-,registered,available,available,available,0,0,2023-12-08
FellTeens.info,3,915,2018,55,-,available,available,available,available,0,0,2023-12-08
cqlove.cn,2,905,2003,80,-,registered,registered,available,available,4,16,2023-12-08
dipyridamol.com,3,881,2004,43,-,registered,available,available,registered,0,6,2023-12-08
tfc.info,1,881,2002,2560,Yes,registered,registered,registered,registered,211,0,2023-12-08
TallmadgeTitans.com,8,880,2004,36,-,registered,available,available,available,0,0,2023-12-08
ivermectinstr.online,4,837,2021,72,-,registered,available,available,available,2,6,2023-12-08
porn18pgals.info,1,833,2019,21,-,available,available,available,available,0,0,2023-12-08
hfcircle.com,9,762,2011,23,-,registered,available,available,available,2,1,2023-12-08
thecluelessmomph.com,1,705,2014,58,-,registered,available,available,available,1,0,2023-12-08
ijaya.in,4,671,2017,19,-,registered,registered,available,available,5,1.3 K,2023-12-08
mcafeesmcafee.com,4,635,2019,74,-,registered,available,available,available,1,0,2023-12-08
jp-chimpanzee.com,2,634,2013,23,-,registered,available,available,available,1,0,2023-12-08
SicIliaTourist.tv,1,610,2003,168,-,available,available,available,available,0,0,2023-12-08
TradingNet.it,1,608,1998,109,-,registered,registered,available,registered,11,35,2023-12-08
MalikEscorts.com,2,607,2015,192,-,registered,available,available,available,1,0,2023-12-08
chiesabattistadicagliari.net,2,597,2004,96,-,available,registered,available,available,2,0,2023-12-08
rvigapll.com,5,582,2021,28,-,registered,available,available,available,0,0,2023-12-08
SchoolsBiz.com,5,571,2007,35,-,registered,available,available,available,0,0,2023-12-08
heidiscrimgeour.com,2,565,2010,67,-,registered,available,available,available,0,0,2023-12-08
BusParBuspirone.com,9,558,2020,37,-,registered,available,available,available,0,0,2023-12-08
mystreamingtv.online,2,554,2018,16,-,registered,available,available,available,4,2,2023-12-08
moneyaadhar.com,1,552,2018,18,-,registered,available,available,available,0,0,2023-12-08
BambooFlooring.net,1,551,2000,193,-,registered,registered,registered,registered,19,66,2023-12-08
cytotecm.com,7,544,2020,39,-,registered,available,available,available,0,25,2023-12-08
CriMinoLogie.net,1,543,2000,128,-,registered,registered,available,available,8,13,2023-12-08
ActivationKeys.org,5,535,2016,351,-,registered,registered,registered,available,7,26,2023-12-08
egeneology.net,3,530,2003,160,-,available,registered,available,available,1,10,2023-12-08
skachat-fb2.net,3,524,2018,63,-,registered,registered,registered,available,3,4,2023-12-08
i2000.it,2,508,1996,160,-,registered,available,available,registered,0,665,2023-12-08
BodyAccentsTattooing.com,2,508,2004,40,-,registered,available,available,available,1,0,2023-12-08
zoloftsert.com,1,505,2020,48,-,registered,available,available,available,0,7,2023-12-08
Originator.it,5,502,2003,20,-,registered,registered,registered,registered,0,384,2023-12-08
BuyEssayClub.io,1,488,2020,6,-,registered,available,registered,available,5,6,2023-12-08
PasAgroUp.it,4,479,2000,83,-,registered,available,registered,available,4,8,2023-12-08
brandsuhagra.com,4,476,2020,37,-,registered,available,available,available,0,0,2023-12-08
baslampadari.com,6,472,2001,30,-,registered,available,available,available,0,0,2023-12-08
adidasnmdshoes.co.uk,2,467,2018,55,-,registered,available,available,available,0,3,2023-12-08
GlobalAlcoholShop.com,9,461,2021,12,-,registered,available,available,available,0,0,2023-12-08
seguridadhogar.com,1,459,2009,31,-,registered,available,available,available,0,3,2023-12-08
yeubatdongsan.com,3,427,2011,56,-,registered,available,available,available,0,1,2023-12-08
thebansheesofinisherinmovi.com,7,424,2022,13,-,registered,available,available,available,0,0,2023-12-08
Milk69.site,6,418,2021,30,-,registered,available,available,available,3,2,2023-12-08
JarRowLife.co.uk,5,417,2009,70,Yes,registered,available,available,available,2,2,2023-12-08
cialisbbuy.com,7,414,2021,27,-,registered,available,available,available,0,0,2023-12-08
Sober.kr,3,405,2019,24,-,registered,registered,registered,registered,196,9.1 K,2023-12-08
republique-des-lettres.fr,5,398,2004,367,-,registered,available,available,available,3,2,2023-12-08
AddIdasShoes.net,8,397,2010,151,-,registered,registered,available,available,3,2,2023-12-08
jeep4x4center.com,8,390,1998,1687,-,registered,available,available,available,2,1,2023-12-08
WoeStar.com,2,383,2020,46,-,registered,available,available,available,0,0,2023-12-08
CanadaGooseOutlet.co.uk,3,381,2011,66,-,registered,available,registered,registered,0,69,2023-12-08
ugg-outlet.me.uk,8,370,2015,54,-,registered,registered,registered,available,9,8,2023-12-08
CryptHopper.com,5,363,2018,45,-,registered,registered,registered,available,3,5,2023-12-08
PradaHandbags.net,5,362,2013,63,-,registered,registered,available,available,10,16,2023-12-08
FileLodge.com,1,360,2005,491,-,registered,available,registered,registered,4,2,2023-12-08
onlinepharmacygx.com,2,355,2018,57,-,registered,available,available,available,0,0,2023-12-08
SecOurIsMe.info,1,354,2001,708,Yes,registered,registered,registered,available,14,123,2023-12-08
jemeluk.com,0,349,2013,17,-,registered,available,available,available,0,0,2023-12-08
CarawayVitamins.com,1,339,2018,64,-,registered,available,registered,available,1,2,2023-12-08
GapShow.com,0,327,2011,32,-,registered,registered,available,available,3,7,2023-12-08
CorRettOreGrammaticAle.top,1,326,2022,30,-,available,available,available,available,1,0,2023-12-08
pornoizletr.biz,5,323,2012,54,-,registered,registered,available,available,3,2,2023-12-08
amasyanakliyatci.com,3,320,2017,35,-,registered,available,available,available,1,0,2023-12-08
BelsTaffJacketsOutlet.co.uk,2,320,2011,74,-,available,available,available,available,0,2,2023-12-08
WorkingKeys.org,1,319,2016,192,-,registered,registered,registered,available,4,6,2023-12-08
RayBanSunglassesOutlets.net.co,4,317,2018,33,-,available,available,available,available,3,2,2023-12-08
FreeTalkUsa.app,8,316,2021,8,-,registered,available,available,available,0,2,2023-12-08
Design-OnWeb.nl,1,312,2001,132,Yes,available,available,available,available,0,0,2023-12-08
FickVideos.biz,1,309,2008,920,-,registered,registered,available,registered,4,9,2023-12-08
realestateinupstate.com,0,309,2004,29,-,registered,available,available,available,0,0,2023-12-08
cerrajeriadavid.es,3,305,2020,29,-,registered,available,available,available,1,2,2023-12-08
KrisTinaQuinn.com,2,303,2007,27,-,registered,available,available,available,0,3,2023-12-08
Motorcycle-MotorScooterNews.com,2,302,2014,54,-,registered,available,available,available,0,0,2023-12-08
lasvegaspwc.com,1,298,2002,87,-,registered,available,available,available,0,0,2023-12-08
il-su.com,6,296,2020,15,-,registered,available,available,available,0,13,2023-12-08
ads-get-read.co.uk,1,296,2007,870,-,available,available,available,available,0,0,2023-12-08
Prada-CrossBody-Bag.us,1,291,2015,77,-,available,available,available,available,0,0,2023-12-08
submit2dir.info,7,288,2006,608,-,registered,available,available,available,2,3,2023-12-08
intouch24.biz,5,285,2013,290,-,registered,registered,available,registered,6,7,2023-12-08
HandIsOft.dk,1,284,2004,83,-,registered,available,available,available,3,8,2023-12-08
Pais24.com,9,284,2009,206,-,registered,available,available,available,2,2,2023-12-08
buyviagragkbcd.com,1,281,2018,24,-,registered,available,available,available,0,0,2023-12-08
sunglassessm.com,1,281,2014,189,-,registered,available,available,available,1,4,2023-12-08
sizen-kankyo.net,8,281,2007,26,-,registered,registered,available,available,2,3,2023-12-08
rbmail.biz,5,278,2012,40,-,registered,registered,available,registered,19,69,2023-12-08
pecadooriginal.biz,6,278,2010,112,-,registered,available,available,available,5,3,2023-12-08
RoofFaq.com,9,278,2009,174,Yes,registered,available,available,available,1,1,2023-12-08
rocaltrtn.com,7,277,2022,13,-,registered,available,available,available,0,0,2023-12-08
forka.us,5,275,2007,41,-,registered,registered,registered,registered,18,723,2023-12-08
protvmagazin.ro,2,274,2004,198,-,available,available,available,available,1,0,2023-12-08
NewParentTips.info,5,270,2008,190,-,registered,available,available,available,2,2,2023-12-08
zicosur.org,1,268,2007,310,-,registered,registered,registered,available,4,6,2023-12-08
tricotn.com,4,267,2022,12,-,registered,available,available,available,0,3,2023-12-08
AnytimeLinks.com,7,264,2004,239,-,registered,available,available,available,0,0,2023-12-08
MonsterHighGames.us,3,262,2013,56,-,registered,registered,available,available,2,3,2023-12-08
fisz.co.uk,6,262,2011,257,Yes,registered,registered,registered,registered,17,100,2023-12-08
semeunacte.com,4,260,2010,279,-,registered,available,available,available,1,0,2023-12-08
remerotn.com,3,254,2022,9,-,registered,available,available,available,0,0,2023-12-08
diccionariodesinonimos.es,6,254,2009,6729,-,registered,available,registered,available,2,4,2023-12-08
2Tag.nl,1,254,2010,14151,-,registered,registered,available,registered,17,70,2023-12-08
tajukberita.com,7,251,2011,57,-,registered,available,available,available,1,1,2023-12-08
PinSpire.es,2,251,2011,228,-,registered,registered,registered,registered,18,118,2023-12-08
dcmelectro.be,7,251,1999,537,Yes,registered,available,available,available,2,2,2023-12-08
BodyWayOnline.com,7,250,2006,167,-,registered,available,available,available,1,0,2023-12-08
heiyu100.com,1,248,2014,12,-,registered,available,available,available,2,0,2023-12-08
buvohely.info,9,248,2012,79,-,registered,available,available,available,5,16,2023-12-08
WebCri.net,6,247,2009,83,-,registered,registered,available,available,5,90,2023-12-08
Seo-Web-Net.com,5,246,2008,163,-,registered,available,available,available,0,0,2023-12-08
4904b.com,0,245,-,0,-,registered,available,available,available,0,0,2023-12-08
WestWaySportsCentre.org.uk,1,245,2008,169,-,available,available,available,available,1,0,2023-12-08
Cockblock.org,2,245,2002,90,-,registered,registered,registered,registered,18,58,2023-12-08
Pele-Sports.com,9,245,2009,99,-,registered,available,available,available,1,0,2023-12-08
ReveSpain.com,4,242,2013,26,-,registered,available,available,available,1,0,2023-12-08
deevibez.com,7,241,2016,71,-,registered,available,available,available,0,1,2023-12-08
VipServices.xyz,0,240,2018,4,-,registered,registered,registered,registered,64,358,2023-12-08
ArabSexBlog.com,5,240,2006,452,-,registered,available,available,available,0,0,2023-12-08
sci.sc,1,239,2012,87,-,registered,registered,registered,registered,329,0,2023-12-08
So-Dude.fr,6,239,2011,106,-,available,available,available,available,1,1,2023-12-08
sanaatgar.com,5,239,2010,416,-,registered,available,available,available,2,0,2023-12-08
dbc-network.info,8,239,2007,166,-,registered,available,available,available,3,4,2023-12-08
8Rio.com,6,239,2011,127,-,registered,available,available,available,0,12,2023-12-08
HawaiiWebStudio.com,1,238,2012,65,-,registered,available,available,available,0,0,2023-12-08
tayotv.net,7,237,2011,353,-,registered,registered,registered,available,3,5,2023-12-08
FanSandFollowers.org,5,237,2011,83,-,registered,available,registered,available,2,4,2023-12-08
oncagosu.com,2,236,2021,29,-,registered,available,available,available,0,0,2023-12-08
GlobalArticleNetwork.com,5,236,2010,95,-,registered,available,available,available,0,0,2023-12-08
BriggsPhoto.net,5,236,2008,120,-,registered,registered,registered,available,3,25,2023-12-08
n20n.com,5,236,2006,83,-,registered,available,available,registered,1,2,2023-12-08
GoRex.lt,5,235,2009,68,-,registered,registered,available,registered,30,87,2023-12-08
FreshFreeStuff.net,5,235,2007,295,-,registered,registered,available,available,2,2,2023-12-08
Babes-Deluxe.com,2,234,2008,70,-,registered,available,available,registered,1,0,2023-12-08
olxalgerie.com,5,234,2008,452,-,registered,available,available,available,0,0,2023-12-08
KamaSutra.es,1,233,2007,640,-,registered,registered,registered,registered,126,636,2023-12-08
egylovers.net,1,233,2009,197,-,registered,registered,available,available,2,3,2023-12-08
AndhraFreeClassifieds.com,5,233,2008,142,-,registered,available,available,available,0,0,2023-12-08
TeachHotYoga.com,5,233,2006,164,-,registered,available,available,available,1,0,2023-12-08
nivmar.com,7,233,2008,138,-,registered,available,available,available,0,3,2023-12-08
BrightOnlineJobs.com,5,232,2012,157,-,registered,available,available,available,0,0,2023-12-08
wikidomain.net,6,232,2011,55,-,registered,registered,registered,registered,6,8,2023-12-08
e-mype.com,6,232,2004,191,-,registered,available,available,available,0,1,2023-12-08
PhenomenalSoftwares.com,4,231,2019,29,-,registered,available,available,available,0,0,2023-12-08
qasim.dk,6,231,2012,62,-,registered,registered,registered,registered,58,524,2023-12-08
QuietAnthem.com,6,231,2012,92,-,registered,available,available,available,0,1,2023-12-08
infox.kg,8,231,2007,242,-,registered,registered,registered,registered,81,654,2023-12-08
kthost.in,5,231,2011,170,-,registered,available,available,available,2,22,2023-12-08
918yingxiao.com,5,231,2010,203,-,registered,available,available,available,1,0,2023-12-08
free-3d-textures.com,5,231,2009,184,-,registered,available,available,available,1,0,2023-12-08
ogeretsu.com,6,231,2009,146,-,registered,available,available,available,0,0,2023-12-08
Dvd-Zero.com,5,231,2005,187,-,registered,available,available,available,0,0,2023-12-08
AdultMagazine69.com,6,231,2009,153,-,registered,available,available,available,0,0,2023-12-08
GetItGroup.in,7,230,2009,120,-,registered,registered,available,available,5,8,2023-12-08
ShepherdSurvival.com,5,230,2011,126,-,registered,available,available,available,0,2,2023-12-08
WarezForYou.com,8,230,2001,76,-,registered,available,available,available,0,0,2023-12-08
zoonbarak.com,5,230,2010,216,-,registered,available,available,available,0,0,2023-12-08
planetconseils.com,5,230,2007,51,-,registered,available,available,available,0,0,2023-12-08
DrugRevenue.com,1,230,2007,349,-,registered,available,available,available,0,0,2023-12-08
whereicanfindajob.com,2,229,2011,46,-,registered,available,available,available,0,0,2023-12-08
kitabmasakan.com,5,229,2011,202,-,registered,available,available,available,1,0,2023-12-08
curtycurt.com,6,229,2010,92,-,registered,available,available,available,0,0,2023-12-08
ijustutter.com,1,229,2011,108,-,registered,available,available,available,0,0,2023-12-08
pstpl.com,6,229,2003,228,-,registered,available,available,available,3,10,2023-12-08
HypeVilla.com,5,229,2009,243,-,registered,available,available,available,0,4,2023-12-08
master-diplomov.com,6,229,2008,166,-,registered,available,available,available,0,0,2023-12-08
medjugorjemap.com,5,229,2008,152,Yes,registered,available,available,available,0,0,2023-12-08
luckyfm.info,1,228,2011,113,-,registered,available,available,available,3,2,2023-12-08
CanadaScarLoans.com,6,228,2002,90,Yes,registered,available,available,available,0,0,2023-12-08
1bdnews.com,5,228,2010,114,-,registered,available,available,available,0,3,2023-12-08
TradingEconomics.net,9,228,2011,124,-,registered,registered,registered,registered,13,8,2023-12-08
vcoazzurranews.tv,1,228,2010,79,-,available,available,available,available,1,2,2023-12-08
Downtown-Austin-Apartments.net,5,228,2010,99,-,available,registered,available,available,1,0,2023-12-08
paesionline.info,6,228,2005,277,-,registered,available,available,available,3,2,2023-12-08
Cash-Clicks.info,5,228,2008,125,-,registered,available,available,registered,3,3,2023-12-08
BahaRimSin.com,5,228,2008,165,-,registered,available,available,available,0,0,2023-12-08
2Yoyo.com,5,228,2003,76,-,registered,available,available,available,0,9,2023-12-08
FeeMad.com,5,227,2012,181,-,registered,available,available,available,1,4,2023-12-08
MomsCoolTube.com,5,227,2012,288,-,registered,available,available,available,0,0,2023-12-08
jmm1818.net,5,227,2009,196,-,registered,registered,available,available,2,2,2023-12-08
ElectronKits.com,1,227,2012,69,-,registered,available,available,available,0,0,2023-12-08
HighBizz.com,6,227,2002,244,-,registered,available,available,available,3,1,2023-12-08
PostAdSonnet.com,6,227,2008,181,-,registered,available,available,available,0,0,2023-12-08
LovePromiseAndRing.com,5,227,2008,142,-,registered,available,available,available,1,0,2023-12-08
PrinterSetupHelp.us,6,226,2021,25,-,registered,available,available,available,2,2,2023-12-08
Sexy18Porn.com,5,226,2011,207,-,registered,available,available,available,0,0,2023-12-08
efreeporntube.com,5,226,2011,139,-,registered,available,available,available,0,1,2023-12-08
weekendbaard.nl,5,226,2011,43,-,available,available,available,available,0,0,2023-12-08
EntreMarGens.org,5,226,2011,46,-,registered,available,registered,available,2,3,2023-12-08
Girls-Beauty-Tips.com,3,226,2010,145,-,registered,available,available,available,0,0,2023-12-08
invitatie-de-nunta.ro,9,226,2010,111,-,available,available,available,available,1,0,2023-12-08
KinoOnline.tv,6,226,2009,105,-,registered,registered,available,registered,0,10,2023-12-08
ForexManaged.co.uk,6,226,2010,164,-,registered,available,available,available,2,14,2023-12-08
Little-Model.biz,4,226,-,0,-,available,available,available,available,1,4,2023-12-08
HealthBuzzing.com,5,226,2011,110,-,registered,available,available,available,1,0,2023-12-08
khit.info,1,226,2004,106,-,registered,registered,registered,registered,38,677,2023-12-08
YourSupeRads.com,5,226,2009,65,-,registered,available,available,available,0,0,2023-12-08
ShiftCommaThree.com,6,226,2007,138,-,registered,available,available,available,1,0,2023-12-08
webgowu.com,5,226,2009,338,-,registered,available,available,available,0,0,2023-12-08
motosikletpazari.com,6,226,2006,1375,Yes,registered,available,available,available,1,0,2023-12-08
363wz.cn,5,225,2008,270,-,registered,available,available,available,2,2,2023-12-08
FanSingles.com,9,225,2009,127,-,registered,available,available,available,0,3,2023-12-08
Softwares1.com,5,225,2012,189,-,registered,available,available,available,0,3,2023-12-08
ddz.fr,6,225,2007,101,-,registered,registered,registered,registered,81,0,2023-12-08
Earnings-Area.com,5,225,2011,134,-,registered,available,available,available,0,0,2023-12-08
FreeWebTrafficDirectory.com,0,225,2011,63,-,registered,available,available,available,0,0,2023-12-08
GenevaModels.com,5,225,2010,185,-,registered,available,available,available,0,0,2023-12-08
TeenPorn2.com,5,225,2001,78,-,registered,registered,available,available,0,7,2023-12-08
slavyansk.biz,7,225,2005,1901,Yes,registered,registered,registered,available,10,28,2023-12-08
TheCollegeEducator.com,6,225,2010,423,-,registered,available,available,available,0,0,2023-12-08
KellyWanTads.com,5,225,2008,138,-,registered,available,available,available,0,0,2023-12-08
MobileSearchMarketing.com,5,225,2005,288,-,registered,available,available,available,0,1,2023-12-08
AppGorilla.nl,1,224,2012,47,-,registered,available,available,available,0,3,2023-12-08
MailDireTo.com,5,224,2010,26,-,registered,available,available,available,1,0,2023-12-08
dizigun.com,5,224,2011,174,-,registered,available,available,available,1,5,2023-12-08
MusicPain.com,4,224,2011,93,-,registered,available,available,available,1,10,2023-12-08
TrainingDances.com,5,224,2012,90,-,registered,available,available,available,0,0,2023-12-08
biliboom.com,5,224,2011,82,-,registered,available,available,available,0,2,2023-12-08
wpfanpro.com,5,224,2011,158,-,registered,available,available,available,0,0,2023-12-08
lugezi.com,5,224,2012,99,-,registered,available,available,available,1,6,2023-12-08
DesignTattoo.info,5,224,2011,50,-,registered,available,available,registered,3,15,2023-12-08
MarketingSurvivalSkills.net,5,224,2010,49,-,available,registered,available,available,1,1,2023-12-08
raovatbatdongsan.net,4,224,2008,130,-,registered,registered,available,available,3,2,2023-12-08
x-invest.biz,5,224,2010,142,-,registered,registered,available,registered,9,221,2023-12-08
CuttingEdgeOffers.com,5,224,2002,328,-,registered,available,available,available,0,0,2023-12-08
NotBoredAnymore.com,5,224,2009,115,-,registered,available,available,available,0,0,2023-12-08
TurboBlogSite.com,6,224,2009,76,-,registered,available,available,available,0,0,2023-12-08
Glamour-Galleries.com,5,224,2006,381,-,registered,available,available,available,0,0,2023-12-08
Biz-Adz.com,5,224,2009,182,-,registered,available,available,available,0,0,2023-12-08
BlastPack.us,5,223,2012,60,-,registered,available,available,available,2,4,2023-12-08
billigprojektor.dk,5,223,2012,75,-,available,available,available,available,1,0,2023-12-08
wailian360.com,5,223,2012,34,-,registered,available,available,available,1,0,2023-12-08
MarshMalo.com,5,223,2012,71,-,registered,available,available,available,0,5,2023-12-08
FirstDate.dk,5,223,2005,312,-,registered,registered,registered,registered,55,343,2023-12-08
ToKotaSonLine.net,5,223,2011,97,-,available,registered,registered,available,3,2,2023-12-08
recettes-de-cuisine-en-video.com,5,223,2011,147,Yes,registered,available,available,available,1,0,2023-12-08
SeoDirectoryWebsite.com,4,223,2011,111,-,registered,available,available,available,1,0,2023-12-08
SportAtIons.com,6,223,2001,137,-,registered,available,available,available,0,530,2023-12-08
animedokidoki.com,7,223,2010,193,-,registered,available,available,available,0,0,2023-12-08
drmarketing.info,5,223,2011,82,-,registered,registered,registered,registered,46,138,2023-12-08
CerroLimon.com,5,223,2007,105,-,registered,available,available,available,0,0,2023-12-08
kalegcom.com,5,223,2008,189,-,registered,available,available,available,0,0,2023-12-08
dirty3dbabes.com,5,223,2008,90,-,registered,available,available,available,0,0,2023-12-08
DirectoryOasis.com,5,223,2007,238,-,registered,available,available,available,0,1,2023-12-08
SureShotBulldogs.xyz,3,222,2020,23,-,registered,registered,available,available,3,4,2023-12-08
petrgraf.cz,1,222,2013,70,-,available,available,available,available,1,0,2023-12-08
MeSoup.com,5,222,2009,26,-,registered,available,available,available,2,53,2023-12-08
mmmzone.com,5,222,2004,143,-,registered,available,available,available,0,0,2023-12-08
online-sorozatok.org,5,222,2012,125,-,available,available,registered,available,6,0,2023-12-08
TheKolkataNews.net,5,222,2011,71,-,available,registered,available,available,1,0,2023-12-08
InfoTechNet.info,5,222,2012,65,-,registered,available,registered,available,5,11,2023-12-08
UnderclothesBabes.com,5,222,2012,57,-,registered,available,available,available,0,0,2023-12-08
dodirocks.com,5,222,2011,162,-,registered,available,available,available,1,0,2023-12-08
czcsit.com,5,222,2012,56,-,registered,available,available,available,0,0,2023-12-08
dmzjd.com,5,222,2011,98,-,registered,available,available,available,1,4,2023-12-08
MyOutlets.it,5,222,2010,184,-,registered,available,registered,registered,0,16,2023-12-08
free-classified-ads.us,5,222,2007,206,-,registered,registered,available,available,2,7,2023-12-08
ShopSpaz.com,5,222,2012,87,-,registered,available,available,available,1,2,2023-12-08
kyabayogo.com,4,222,2010,78,-,registered,available,available,available,0,0,2023-12-08
BingBoke.com,5,222,2009,92,-,registered,available,available,available,0,1,2023-12-08
InternetGeneric.com,9,222,2004,104,-,registered,available,available,available,0,0,2023-12-08
freepornvideoz.net,5,222,2010,62,-,registered,registered,available,available,4,4,2023-12-08
Span6.com,5,222,2009,92,-,registered,registered,available,available,1,2,2023-12-08
MakeMoney-AtHome.com,4,222,2001,128,-,registered,available,available,available,0,1,2023-12-08
PaintByNumberProducts.com,5,222,2009,381,-,registered,available,available,available,0,0,2023-12-08
cnc400.com,5,222,2007,74,-,registered,available,available,available,0,1,2023-12-08
ru-kids.com,5,222,2008,284,-,registered,available,available,available,2,21,2023-12-08
MommySexTube.com,5,222,2009,635,-,registered,available,available,available,1,0,2023-12-08
mbljj.com,4,221,2011,115,-,registered,available,available,available,0,2,2023-12-08
mlhyjd.com,5,221,2012,44,-,registered,available,available,available,0,0,2023-12-08
amare.lv,4,221,2012,57,-,registered,registered,registered,registered,124,4.4 K,2023-12-08
MyShouter.com,5,221,2011,77,-,registered,available,available,available,0,0,2023-12-08
MudPizza.com,5,221,2013,20,-,registered,available,available,available,1,0,2023-12-08
GetPrint.me,5,221,2012,36,-,registered,registered,registered,registered,79,146,2023-12-08
BizarreClub.net,4,221,2012,470,-,registered,registered,available,available,5,3,2023-12-08
ajithfans.info,5,221,2012,191,-,registered,registered,available,available,3,4,2023-12-08
hintcefilm.com,5,221,2012,346,-,registered,available,available,available,0,0,2023-12-08
ipremiumcase.com,5,221,2012,136,-,registered,available,available,available,0,1,2023-12-08
PardIsanGroup.com,4,221,2011,100,-,registered,available,available,available,1,0,2023-12-08
CoolToCall.com,5,221,2012,48,-,registered,available,available,available,0,0,2023-12-08
lubukrahsia.com,5,221,2010,171,-,registered,available,available,available,1,0,2023-12-08
SportsDraftDaily.com,6,221,2010,65,-,registered,available,available,available,0,0,2023-12-08
b2u.us,4,221,2004,138,-,registered,registered,registered,registered,77,0,2023-12-08
BuyMe.asia,5,221,2011,83,-,registered,registered,registered,registered,165,2.6 K,2023-12-08
NewsfeedPortal.com,5,221,2012,23,-,registered,available,available,available,0,0,2023-12-08
OldNirvana.com,5,221,2010,95,-,registered,available,available,available,0,3,2023-12-08
KeltySleepingBags.com,5,221,2009,87,-,registered,available,available,available,0,0,2023-12-08
avrildaily.net,5,221,2010,96,-,available,registered,available,available,1,1,2023-12-08
allesfinden.net,5,221,2003,296,-,registered,registered,registered,registered,5,4,2023-12-08
MaxOutput.net,5,221,2003,27,-,registered,registered,available,available,9,5,2023-12-08
FreshLabel.net,5,221,2008,101,-,registered,registered,available,registered,14,9,2023-12-08
belajarinteraktif.com,5,221,2010,61,-,registered,available,available,available,0,0,2023-12-08
CasinoMeile.com,5,221,2009,131,-,registered,available,available,registered,1,0,2023-12-08
DanvilleCoop.com,5,221,2002,198,-,registered,available,available,available,0,0,2023-12-08
PremiumRegistrations.com,5,221,2007,193,-,registered,available,available,available,1,0,2023-12-08
analisigrammaticale.top,5,220,2022,16,-,registered,registered,registered,available,7,7,2023-12-08
nutrilifeshop-info.com,5,220,2012,55,-,registered,available,available,available,0,0,2023-12-08
pinster.co,5,220,2012,9,-,registered,registered,registered,registered,15,170,2023-12-08
